title,company,location,link,image
Senior Full Stack Software Engineer,Samotics,"Leiden, Netherlands",https://stackoverflow.com/jobs/516831,https://i.stack.imgur.com/Ipcdb.png?s=48
Software Ingenieur (m/w/d) IoT,Stadtwerke München GmbH,"München, Deutschland",https://stackoverflow.com/jobs/516781,https://i.stack.imgur.com/w7rtd.jpg?s=48
Software Ingenieur Java/Python (m/w/d) Netzinformationssystem,Stadtwerke München GmbH,"München, Deutschland",https://stackoverflow.com/jobs/516836,https://i.stack.imgur.com/w7rtd.jpg?s=48
FullStack WebDeveloper,Centogene GmbH,"Beograd, Serbia",https://stackoverflow.com/jobs/515860,https://i.stack.imgur.com/RvyBT.png?s=48
DevSecOps (m/f/d) / Security Software Developer (m/f/d) IT Monitoring,tribe29 GmbH,"München, Deutschland",https://stackoverflow.com/jobs/499950,https://i.stack.imgur.com/r8a0H.png?s=48
BNPL with a Modern Tech Stack is Looking for a Remote Senior Data Scientist,ViaBill A/S,No office location,https://stackoverflow.com/jobs/523607,https://i.stack.imgur.com/DPxgw.png?s=48
Backend Engineer,AsurionviaComputer Futures Japan,"Tokyo, Japan",https://stackoverflow.com/jobs/516824,
Senior Systems Software Engineer - Cisco Meraki - Fully Remote,Cisco MerakiviaSource Coders,No office location,https://stackoverflow.com/jobs/516648,https://i.stack.imgur.com/LVVIz.png?s=48
Sr. SQL DBA with AWS,STARZ,"Englewood, CO",https://stackoverflow.com/jobs/516647,https://i.stack.imgur.com/K18ki.png?s=48
Software Engineer,Worldline,"Auckland, New Zealand",https://stackoverflow.com/jobs/516646,https://i.stack.imgur.com/LveR5.png?s=48
Senior DevOps Engineer,Sam Media,"Kuala Lumpur, Malaysia",https://stackoverflow.com/jobs/432704,https://i.stack.imgur.com/IfTv8.png?s=48
IT Security Analyst  (JoinOCI),Oracle,"Bucharest, Romania",https://stackoverflow.com/jobs/499921,https://i.stack.imgur.com/kwVMG.jpg?s=48
Senior Data Engineer,Servian,"Docklands, Australia",https://stackoverflow.com/jobs/499886,https://i.stack.imgur.com/wgrRl.png?s=48
Application DBA and Developer,Oracle,"Bengaluru, India",https://stackoverflow.com/jobs/523602,https://i.stack.imgur.com/kwVMG.jpg?s=48
Software Developer 3,Oracle,"Bengaluru, India",https://stackoverflow.com/jobs/523599,https://i.stack.imgur.com/kwVMG.jpg?s=48
Senior Infrastructure Software Engineer,"Ridgeline, Inc.","New York, NY",https://stackoverflow.com/jobs/523173,https://i.stack.imgur.com/4y9ux.jpg?s=48
"Senior Software Engineer, Data Services",Simulmedia,"New York, NY",https://stackoverflow.com/jobs/523597,https://i.stack.imgur.com/D2gbo.png?s=48
"Senior Software Engineer, Core Platform",Simulmedia,"New York, NY",https://stackoverflow.com/jobs/523596,https://i.stack.imgur.com/D2gbo.png?s=48
Engineering Project Manager,Esri,"Arlington, VA",https://stackoverflow.com/jobs/523595,https://i.stack.imgur.com/rBxLQ.png?s=48
Sr. Front-End Engineer - Amazon Connect (AWS),Amazon Web Services,"New York, NY",https://stackoverflow.com/jobs/499869,https://i.stack.imgur.com/SRU2T.jpg?s=48
Software Engineers - Cloud Reliability & Infrastructure (Python or Java),Canva,"Sydney, Australia",https://stackoverflow.com/jobs/373689,https://i.stack.imgur.com/s4gR5.png?s=48
Python Software Engineer,Trilliant Health,"Nashville, TN",https://stackoverflow.com/jobs/456801,https://i.stack.imgur.com/xhKgr.png?s=48
"Senior Software Engineer, Backend",Jelli,"San Mateo, CA",https://stackoverflow.com/jobs/494587,https://i.stack.imgur.com/xuHmC.png?s=48
"Senior Software Engineer, Product",Jelli,"San Mateo, CA",https://stackoverflow.com/jobs/494589,https://i.stack.imgur.com/xuHmC.png?s=48
Senior Backend Engineer,Penn Interactive Ventures,"Philadelphia, PA",https://stackoverflow.com/jobs/472047,https://i.stack.imgur.com/p55A1.png?s=48
Experienced Full Stack Engineer - Remote,"Theorem, LLC",No office location,https://stackoverflow.com/jobs/499683,https://i.stack.imgur.com/XXwlc.png?s=48
Senior Software Engineer,"Xometry, Inc.","Bethesda, MD",https://stackoverflow.com/jobs/516614,https://i.stack.imgur.com/wnDIZ.jpg?s=48
"Software Engineer, Front End",Google,"Irvine, CA",https://stackoverflow.com/jobs/506870,https://i.stack.imgur.com/bONZK.png?s=48
Lead Software Engineer,Zero Hash,No office location,https://stackoverflow.com/jobs/516611,https://i.stack.imgur.com/aLUFb.jpg?s=48
Software Engineer,Zero Hash,No office location,https://stackoverflow.com/jobs/516609,https://i.stack.imgur.com/aLUFb.jpg?s=48
Senior DevOps - REMOTE WORK,BairesDev LLC,No office location,https://stackoverflow.com/jobs/514663,https://i.stack.imgur.com/4nMg4.png?s=48
QA Automation Senior - REMOTE WORK,BairesDev LLC,No office location,https://stackoverflow.com/jobs/514666,https://i.stack.imgur.com/4nMg4.png?s=48
Python Architect - REMOTE WORK,BairesDev LLC,No office location,https://stackoverflow.com/jobs/514657,https://i.stack.imgur.com/4nMg4.png?s=48
Python Developer - REMOTE WORK,BairesDev LLC,No office location,https://stackoverflow.com/jobs/516938,https://i.stack.imgur.com/4nMg4.png?s=48
Big Data Engineer,Semios,"Vancouver, BC, Canada",https://stackoverflow.com/jobs/523593,https://i.stack.imgur.com/ZAOsr.png?s=48
Remote Back-End Senior Software Engineer,SRT Labs,"Springfield, VA",https://stackoverflow.com/jobs/523592,
"Software Development Engineer - Aachen, Berlin & Amsterdam",Amazon Web Services,"Berlin, Germany",https://stackoverflow.com/jobs/522695,https://i.stack.imgur.com/SRU2T.jpg?s=48
Software Development Engineer - UK,Amazon Web Services,"London, UK",https://stackoverflow.com/jobs/522694,https://i.stack.imgur.com/SRU2T.jpg?s=48
Front-End Engineer - Amazon Connect (AWS),Amazon Web Services,"New York, NY",https://stackoverflow.com/jobs/499872,https://i.stack.imgur.com/SRU2T.jpg?s=48
Software Development Engineer,Amazon Web Services,"Arlington, VA",https://stackoverflow.com/jobs/489697,https://i.stack.imgur.com/SRU2T.jpg?s=48
DevOps Engineer,ShipHero,No office location,https://stackoverflow.com/jobs/523589,
Senior Mobile Pipeline/DevOps Engineer,Addison Group,No office location,https://stackoverflow.com/jobs/499675,https://i.stack.imgur.com/7YKSB.png?s=48
Senior Backend Engineer @ Number One Safety App In the World,Citizen,No office location,https://stackoverflow.com/jobs/499674,https://i.stack.imgur.com/hfroi.png?s=48
"Engineer, Android",Citizen,No office location,https://stackoverflow.com/jobs/499672,https://i.stack.imgur.com/hfroi.png?s=48
Backend Software Engineer,Practichem,No office location,https://stackoverflow.com/jobs/516561,https://i.stack.imgur.com/6cyl5.png?s=48
Cloud Engineer,Olo,No office location,https://stackoverflow.com/jobs/516558,https://i.stack.imgur.com/7F5rz.jpg?s=48
Remote Senior Site Reliability Engineer (Kubernetes) - MariaDB,Source Coders IncviaSource Coders,"Redwood City, CA",https://stackoverflow.com/jobs/523583,https://i.stack.imgur.com/2aM86.png?s=48
Software Engineer/Software Developer Wanted,Nova Dynamics,"Philomath, OR",https://stackoverflow.com/jobs/392809,https://i.stack.imgur.com/V7x3v.png?s=48
Senior Site Reliability Engineer,Rivian,"Palo Alto, CA",https://stackoverflow.com/jobs/469390,https://i.stack.imgur.com/u1Zjm.png?s=48
"Software Engineer, Back End",Niche,"Pittsburgh, PA",https://stackoverflow.com/jobs/523580,
Software Product Manager,"Sepasoft, Inc.","El Dorado Hills, CA",https://stackoverflow.com/jobs/523573,https://i.stack.imgur.com/Dha1Q.png?s=48
Technical Architect,The State of Wisconsin Investment Board,"Madison, WI",https://stackoverflow.com/jobs/457695,https://i.stack.imgur.com/dj2yP.jpg?s=48
Software Engineer,Olive AI,"Columbus, OH",https://stackoverflow.com/jobs/516452,https://i.stack.imgur.com/pmcaM.png?s=48
Principal (Founding) Engineer- Frontend/Fullstack,Unusual Ventures,"San Francisco, CA",https://stackoverflow.com/jobs/516445,https://i.stack.imgur.com/G0flF.png?s=48
Sr. Software Engineer- Data & Analytics,DMG,No office location,https://stackoverflow.com/jobs/499631,https://i.stack.imgur.com/dxJcl.png?s=48
React Software Developer,Cluby,"Helsinki, Finland",https://stackoverflow.com/jobs/469377,https://i.stack.imgur.com/fCmwM.png?s=48
Principal Data Science Engineer,DraftKings,"London, UK",https://stackoverflow.com/jobs/516414,https://i.stack.imgur.com/QP40k.png?s=48
Senior Data Scientist - Data Foundation,Spotify,"New York, NY",https://stackoverflow.com/jobs/499628,https://i.stack.imgur.com/nYDzK.png?s=48
Ingénieur DevOps H/F Plateforme LIVIN’,ENGIE Digital,"Paris, France",https://stackoverflow.com/jobs/478799,https://i.stack.imgur.com/lYpNe.png?s=48
Machine Learning Engineer,"Betterup, Inc.",No office location,https://stackoverflow.com/jobs/523562,https://i.stack.imgur.com/sWbAW.png?s=48
Cloud Architect,Elementor,"Ramat Gan, Israel",https://stackoverflow.com/jobs/469369,https://i.stack.imgur.com/lC6hn.png?s=48
Senior Python Engineer,SteepRock Inc,No office location,https://stackoverflow.com/jobs/383269,https://i.stack.imgur.com/GQbhN.png?s=48
Data Engineer,"Betterup, Inc.",No office location,https://stackoverflow.com/jobs/523557,https://i.stack.imgur.com/sWbAW.png?s=48
Senior Cloud Security Engineer,Contrast Security,No office location,https://stackoverflow.com/jobs/523556,https://i.stack.imgur.com/faRyf.png?s=48
C Embedded Engineer,SQUAD,"Kyiv, Ukraine",https://stackoverflow.com/jobs/516403,https://i.stack.imgur.com/WMOhN.png?s=48
Big Data Engineer,Elementor,"Ramat Gan, Israel",https://stackoverflow.com/jobs/469366,https://i.stack.imgur.com/lC6hn.png?s=48
"Full-stack JS / C++ 3D Senior Engineers (Javascript, WebGL, UE4, Vulkan, ...)",4D Pipeline,No office location,https://stackoverflow.com/jobs/499619,https://i.stack.imgur.com/KR91j.png?s=48
Senior Software Engineer,Rho Business Banking,"New York, NY",https://stackoverflow.com/jobs/523543,
Zwei Webentwickler Python/Django (w/m/d),Rheinwerk Verlag GmbH,"Bonn, Germany",https://stackoverflow.com/jobs/516382,https://i.stack.imgur.com/kqQMl.gif?s=48
Python Backend Developer (m/f/d) Vollzeit / Teilzeit,Favox GmbH,"Hamburg, Deutschland",https://stackoverflow.com/jobs/516375,https://i.stack.imgur.com/kkhPs.jpg?s=48
Senior Data Engineer (m/f/d),Forto GmbH,"Berlin, Germany",https://stackoverflow.com/jobs/523540,https://i.stack.imgur.com/nQFmI.png?s=48
Principal Software Engineer,Optiver,"Amsterdam, Netherlands",https://stackoverflow.com/jobs/287905,https://i.stack.imgur.com/ke1VT.png?s=48
Senior Front-End Engineer,Gorgias,"Paris, France",https://stackoverflow.com/jobs/499615,https://i.stack.imgur.com/EQuNG.png?s=48
Technical Lead,DynamicElement AG,No office location,https://stackoverflow.com/jobs/523537,https://i.stack.imgur.com/9yTMS.jpg?s=48
Engineering Manager,Gorgias,"Paris, France",https://stackoverflow.com/jobs/499613,https://i.stack.imgur.com/EQuNG.png?s=48
Senior Data Engineer (f/m/d),Mimi Hearing Technologies GmbH,"Berlin, Germany",https://stackoverflow.com/jobs/521200,https://i.stack.imgur.com/Wg1G4.png?s=48
Senior Android Software Developer - Automotive - Munich,Paradox Cat GmbH,"München, Deutschland",https://stackoverflow.com/jobs/181583,https://i.stack.imgur.com/1QFjT.png?s=48
Senior Data Scientist,HeidelbergCement AG,"Brno-jih, Czechia",https://stackoverflow.com/jobs/499608,https://i.stack.imgur.com/ypQin.png?s=48
Senior Software Developer,CitNOW Video,"Stirling, UK",https://stackoverflow.com/jobs/516363,https://i.stack.imgur.com/xpMb4.png?s=48
Senior Python Developer,CitNOW Video,"Stirling, UK",https://stackoverflow.com/jobs/516361,https://i.stack.imgur.com/xpMb4.png?s=48
Front-end Developer,Brainomix,"Oxford, UK",https://stackoverflow.com/jobs/516349,https://i.stack.imgur.com/Maugq.png?s=48
Softwareentwickler C++ Optische Messtechnik (m/w/d),Instrument Systems,"München, Deutschland",https://stackoverflow.com/jobs/411411,https://i.stack.imgur.com/b3IjK.png?s=48
Cloud Solution Engineer (m/w/d) - build scalable multi-cloud foundations,Meshcloud GmbH,"Frankfurt am Main, Deutschland",https://stackoverflow.com/jobs/499604,https://i.stack.imgur.com/joolT.png?s=48
Software Developer for Software Test Team,Bang & Olufsen A/S,"Kongens Lyngby, Denmark",https://stackoverflow.com/jobs/466443,https://i.stack.imgur.com/9mzAS.png?s=48
Developer for End User Service Applications: make things better for rail raiders,Frauscher Sensor Technology,"Sankt Marienkirchen bei Schärding, Austria",https://stackoverflow.com/jobs/457645,https://i.stack.imgur.com/FnxlE.png?s=48
IT-Systemingenieur (m/w/d),Apleona GmbH,"Bonn, Germany",https://stackoverflow.com/jobs/516345,https://i.stack.imgur.com/Zw0UD.gif?s=48
Lead DevOps Infrastructure Engineer - Australia,ENSEK,No office location,https://stackoverflow.com/jobs/523524,https://i.stack.imgur.com/mBFa1.jpg?s=48
"Software Engineer, Backend – Blockchain Applications",Hex Trust,Hong Kong,https://stackoverflow.com/jobs/523520,https://i.stack.imgur.com/eFowt.png?s=48
Senior Backend Security Engineer,komoot,No office location,https://stackoverflow.com/jobs/511885,https://i.stack.imgur.com/epV2U.png?s=48
Senior Data Scientist,komoot,"Berlin, Germany",https://stackoverflow.com/jobs/406624,https://i.stack.imgur.com/epV2U.png?s=48
(Junior) Data Engineer (m/f/x) onsite or remote (in Germany),Scalable Capital GmbH,"München, Deutschland",https://stackoverflow.com/jobs/516327,https://i.stack.imgur.com/MZYWx.png?s=48
(Senior) Software Engineer (m/f/d),Charles GmbH,"Berlin, Germany",https://stackoverflow.com/jobs/499382,https://i.stack.imgur.com/luQRl.png?s=48
"Algorithm Engineer, Enterprise Partnership & Solutions",ByteDance,Singapore,https://stackoverflow.com/jobs/523517,https://i.stack.imgur.com/iNg4s.jpg?s=48
Systemadministrator und Entwickler PDM-System (m/w/d),Erwin Hymer Group SE,"Bad Waldsee, Deutschland",https://stackoverflow.com/jobs/516323,https://i.stack.imgur.com/8exOu.jpg?s=48
Software Engineer II,Isentia,"Sydney, Australia",https://stackoverflow.com/jobs/523509,https://i.stack.imgur.com/KBazh.png?s=48
Web developer,xe.gr (Xrysi Eukairia),"Athina, Greece",https://stackoverflow.com/jobs/447191,https://i.stack.imgur.com/y2vUL.png?s=48
ソフトウェアエンジニア (バックエンド),HENNGE K.K.,"Tokyo, Japan",https://stackoverflow.com/jobs/381283,https://i.stack.imgur.com/pYSLN.png?s=48
Cloud Engineer,trivago N.V.,"Düsseldorf, Germany",https://stackoverflow.com/jobs/523506,https://i.stack.imgur.com/Tj3Ry.png?s=48
IT Data Analyst,The Procter & Gamble Company,"Warsaw, Poland",https://stackoverflow.com/jobs/523505,https://i.stack.imgur.com/ORm2C.jpg?s=48
